event_id,room_id,room,room_slug,mode,repetition,event_index,source_filename,input_file,prediction_file,prediction_row,selected_for_paper,selected_for_demo,source_clipped,pre_clap_snr_db,valid_input_samples,valid_input_duration_s,sample_rate,duration_s,recorded_audio,inferred_audio,prediction_checkpoint,checkpoint_sha256,selection_rule,input_sha256,prediction_array_sha256
room01_P1_r1_event00,1,Medium-size meeting room,medium_size_meeting_room,P1,1,0,Medium Size Meeting Room.m4a,reports/phone_clap_demo/results/segments/m4a/room01_MediumSizeMeetingRoom_m4a_ev00_P1_r1.wav,runs/e6_phone_raw_cache/raw_v1_seed42001_batch000.npy,0,False,False,False,24.05378466453417,44100,1.0,44100,1.0,audio/phone_recordings/medium_size_meeting_room/P1_r1.wav,audio/inferred_rirs/medium_size_meeting_room/P1_r1.wav,runs/matched_reg_1s/hybrid_shoebox_mit_but_ace_1000ms_full_c1_vm_seed42001/model_updates20000.pt,fa83b4108777231ef557379e8f7478aea1ab63f3e95449382edeaf85442d87fc,all normal protocol events; existing selected_for_demo flag retained,85714c855591f8b516b69545666015b86677e76806efb2b7653e0e8de33fc1cd,d3b049a9aaf5a56c7af9b5f61d6f6216c3e7a7b9a5fa8bdcf550da0cd2bd1e14
room01_P1_r2_event01,1,Medium-size meeting room,medium_size_meeting_room,P1,2,1,Medium Size Meeting Room.m4a,reports/phone_clap_demo/results/segments/m4a/room01_MediumSizeMeetingRoom_m4a_ev01_P1_r2.wav,runs/e6_phone_raw_cache/raw_v1_seed42001_batch000.npy,1,False,False,False,23.376961936377107,44100,1.0,44100,1.0,audio/phone_recordings/medium_size_meeting_room/P1_r2.wav,audio/inferred_rirs/medium_size_meeting_room/P1_r2.wav,runs/matched_reg_1s/hybrid_shoebox_mit_but_ace_1000ms_full_c1_vm_seed42001/model_updates20000.pt,fa83b4108777231ef557379e8f7478aea1ab63f3e95449382edeaf85442d87fc,all normal protocol events; existing selected_for_demo flag retained,6802a788c2485acd8acccfadd4f6c88969eab2a119fecb967cad07789f5296f9,dc9a79f55921e8260ad1092d04528b314ef136ceccce0bebd6fb188a6de0be96
room01_P1_r3_event02,1,Medium-size meeting room,medium_size_meeting_room,P1,3,2,Medium Size Meeting Room.m4a,reports/phone_clap_demo/results/segments/m4a/room01_MediumSizeMeetingRoom_m4a_ev02_P1_r3.wav,reports/phone_spectral_review/predictions.npz,0,True,True,False,28.60475954788771,44100,1.0,44100,1.0,audio/phone_recordings/medium_size_meeting_room/P1_r3.wav,audio/inferred_rirs/medium_size_meeting_room/P1_r3.wav,runs/matched_reg_1s/hybrid_shoebox_mit_but_ace_1000ms_full_c1_vm_seed42001/model_updates20000.pt,fa83b4108777231ef557379e8f7478aea1ab63f3e95449382edeaf85442d87fc,"M4A normal protocol claps only, exclude clipped; highest existing pre-clap SNR per room/mode; event-index then filename tie break; all eight modes in protocol order",371ff63296ebedaea2afbf367582eba772dd34a6b2cd52980a34695f569d39bb,8e31ce3bd9762dc1fff830822369e349f43e4c9f39326cb4c08383619d5d8d49
room01_P1_r4_event03,1,Medium-size meeting room,medium_size_meeting_room,P1,4,3,Medium Size Meeting Room.m4a,reports/phone_clap_demo/results/segments/m4a/room01_MediumSizeMeetingRoom_m4a_ev03_P1_r4.wav,runs/e6_phone_raw_cache/raw_v1_seed42001_batch000.npy,3,False,False,False,28.083082928836795,44100,1.0,44100,1.0,audio/phone_recordings/medium_size_meeting_room/P1_r4.wav,audio/inferred_rirs/medium_size_meeting_room/P1_r4.wav,runs/matched_reg_1s/hybrid_shoebox_mit_but_ace_1000ms_full_c1_vm_seed42001/model_updates20000.pt,fa83b4108777231ef557379e8f7478aea1ab63f3e95449382edeaf85442d87fc,all normal protocol events; existing selected_for_demo flag retained,0570f1f5b3a9b01e163cfab82e5ea45c66e40eb3223ecc7e2b3926e317695d7f,e7fe9f2cee8a91a1ed3f88ae99d37b343d211e37678b82aaf4c248abcc2d1a58
room01_P1_r5_event04,1,Medium-size meeting room,medium_size_meeting_room,P1,5,4,Medium Size Meeting Room.m4a,reports/phone_clap_demo/results/segments/m4a/room01_MediumSizeMeetingRoom_m4a_ev04_P1_r5.wav,runs/e6_phone_raw_cache/raw_v1_seed42001_batch000.npy,4,False,False,False,23.583697620014824,44100,1.0,44100,1.0,audio/phone_recordings/medium_size_meeting_room/P1_r5.wav,audio/inferred_rirs/medium_size_meeting_room/P1_r5.wav,runs/matched_reg_1s/hybrid_shoebox_mit_but_ace_1000ms_full_c1_vm_seed42001/model_updates20000.pt,fa83b4108777231ef557379e8f7478aea1ab63f3e95449382edeaf85442d87fc,all normal protocol events; existing selected_for_demo flag retained,a3f260857fe7c80c0c0ef8be86826a5412471b6b0775de597ab15864ffc22500,dd063508a2a2b2b50a201c2da56e81fb8b157bd4d0867d85f7b9fbd14ade34e6
room01_P2_r1_event05,1,Medium-size meeting room,medium_size_meeting_room,P2,1,5,Medium Size Meeting Room.m4a,reports/phone_clap_demo/results/segments/m4a/room01_MediumSizeMeetingRoom_m4a_ev05_P2_r1.wav,reports/phone_spectral_review/predictions.npz,1,True,True,False,26.161639128116775,44100,1.0,44100,1.0,audio/phone_recordings/medium_size_meeting_room/P2_r1.wav,audio/inferred_rirs/medium_size_meeting_room/P2_r1.wav,runs/matched_reg_1s/hybrid_shoebox_mit_but_ace_1000ms_full_c1_vm_seed42001/model_updates20000.pt,fa83b4108777231ef557379e8f7478aea1ab63f3e95449382edeaf85442d87fc,"M4A normal protocol claps only, exclude clipped; highest existing pre-clap SNR per room/mode; event-index then filename tie break; all eight modes in protocol order",a806daa5bf7ab223e4e15ed81ef02d40d19cf1e50807ce4d74aba0f0ea41d47d,4aea25226db59995aaf03d7e72a09e94308279dc4d37b8f7959353d77719fec2
room01_P2_r2_event06,1,Medium-size meeting room,medium_size_meeting_room,P2,2,6,Medium Size Meeting Room.m4a,reports/phone_clap_demo/results/segments/m4a/room01_MediumSizeMeetingRoom_m4a_ev06_P2_r2.wav,runs/e6_phone_raw_cache/raw_v1_seed42001_batch000.npy,6,False,False,False,21.1604715276347,44100,1.0,44100,1.0,audio/phone_recordings/medium_size_meeting_room/P2_r2.wav,audio/inferred_rirs/medium_size_meeting_room/P2_r2.wav,runs/matched_reg_1s/hybrid_shoebox_mit_but_ace_1000ms_full_c1_vm_seed42001/model_updates20000.pt,fa83b4108777231ef557379e8f7478aea1ab63f3e95449382edeaf85442d87fc,all normal protocol events; existing selected_for_demo flag retained,355ed4c3077214f12bf105feb400a3f9067f834228a7d2d3c6f2904eabd4be40,5c46417e071ed09074cb32ef38c5a5c3e6052cad3e7ba3f240c34d65342f75b8
room01_P2_r3_event07,1,Medium-size meeting room,medium_size_meeting_room,P2,3,7,Medium Size Meeting Room.m4a,reports/phone_clap_demo/results/segments/m4a/room01_MediumSizeMeetingRoom_m4a_ev07_P2_r3.wav,runs/e6_phone_raw_cache/raw_v1_seed42001_batch000.npy,7,False,False,False,21.344595774244688,44100,1.0,44100,1.0,audio/phone_recordings/medium_size_meeting_room/P2_r3.wav,audio/inferred_rirs/medium_size_meeting_room/P2_r3.wav,runs/matched_reg_1s/hybrid_shoebox_mit_but_ace_1000ms_full_c1_vm_seed42001/model_updates20000.pt,fa83b4108777231ef557379e8f7478aea1ab63f3e95449382edeaf85442d87fc,all normal protocol events; existing selected_for_demo flag retained,09b7fdf8cd4c1f5744e5f00b7d90a929c15c33d8cc87e30002bedaac0d86afe2,7632f8632eb671d1852b929efda4c9948bd076862f97daed0b8c21951db67ebf
room01_P2_r4_event08,1,Medium-size meeting room,medium_size_meeting_room,P2,4,8,Medium Size Meeting Room.m4a,reports/phone_clap_demo/results/segments/m4a/room01_MediumSizeMeetingRoom_m4a_ev08_P2_r4.wav,runs/e6_phone_raw_cache/raw_v1_seed42001_batch008.npy,0,False,False,False,21.596200396910294,44100,1.0,44100,1.0,audio/phone_recordings/medium_size_meeting_room/P2_r4.wav,audio/inferred_rirs/medium_size_meeting_room/P2_r4.wav,runs/matched_reg_1s/hybrid_shoebox_mit_but_ace_1000ms_full_c1_vm_seed42001/model_updates20000.pt,fa83b4108777231ef557379e8f7478aea1ab63f3e95449382edeaf85442d87fc,all normal protocol events; existing selected_for_demo flag retained,090a7f6f74e0a019ebabe7e796c35176a6ea2aef9e6ba886fef387a86d113147,094b7ff4169be22d3d078fc4b760ff1659b4f38c62ce9612402ce2b7f3fa8528
room01_P2_r5_event09,1,Medium-size meeting room,medium_size_meeting_room,P2,5,9,Medium Size Meeting Room.m4a,reports/phone_clap_demo/results/segments/m4a/room01_MediumSizeMeetingRoom_m4a_ev09_P2_r5.wav,runs/e6_phone_raw_cache/raw_v1_seed42001_batch008.npy,1,False,False,False,26.024782675332407,44100,1.0,44100,1.0,audio/phone_recordings/medium_size_meeting_room/P2_r5.wav,audio/inferred_rirs/medium_size_meeting_room/P2_r5.wav,runs/matched_reg_1s/hybrid_shoebox_mit_but_ace_1000ms_full_c1_vm_seed42001/model_updates20000.pt,fa83b4108777231ef557379e8f7478aea1ab63f3e95449382edeaf85442d87fc,all normal protocol events; existing selected_for_demo flag retained,ae5c265672510727299e69b06f4ff721971db0aad8951a0e63eddaa3b39ee9fa,f263493a20604bda42b55b9b57c1c960d45582a7e3957ea3cd5a2b84683fdca9
room01_P3_r1_event10,1,Medium-size meeting room,medium_size_meeting_room,P3,1,10,Medium Size Meeting Room.m4a,reports/phone_clap_demo/results/segments/m4a/room01_MediumSizeMeetingRoom_m4a_ev10_P3_r1.wav,runs/e6_phone_raw_cache/raw_v1_seed42001_batch008.npy,2,False,False,False,20.984156541241852,44100,1.0,44100,1.0,audio/phone_recordings/medium_size_meeting_room/P3_r1.wav,audio/inferred_rirs/medium_size_meeting_room/P3_r1.wav,runs/matched_reg_1s/hybrid_shoebox_mit_but_ace_1000ms_full_c1_vm_seed42001/model_updates20000.pt,fa83b4108777231ef557379e8f7478aea1ab63f3e95449382edeaf85442d87fc,all normal protocol events; existing selected_for_demo flag retained,25b47c24ab8c5dbc428030bdab90844b7fd3e9de800ca3b171f115b15f7a9656,4e2b398078f86992ac3de79c92bc0d2f14af045d868ff6ecf19d3be01ff2202c
room01_P3_r2_event11,1,Medium-size meeting room,medium_size_meeting_room,P3,2,11,Medium Size Meeting Room.m4a,reports/phone_clap_demo/results/segments/m4a/room01_MediumSizeMeetingRoom_m4a_ev11_P3_r2.wav,reports/phone_spectral_review/predictions.npz,2,True,True,False,25.25814871423656,44100,1.0,44100,1.0,audio/phone_recordings/medium_size_meeting_room/P3_r2.wav,audio/inferred_rirs/medium_size_meeting_room/P3_r2.wav,runs/matched_reg_1s/hybrid_shoebox_mit_but_ace_1000ms_full_c1_vm_seed42001/model_updates20000.pt,fa83b4108777231ef557379e8f7478aea1ab63f3e95449382edeaf85442d87fc,"M4A normal protocol claps only, exclude clipped; highest existing pre-clap SNR per room/mode; event-index then filename tie break; all eight modes in protocol order",791af1676dafc0c9a23345ca70c3f4340e9d3b9be32020f00cb92c7d4f0b7a3f,faee2e06ed924b20cc18db946d5ee2fff6a22cd8f1a6c79a09bf4c137542f9b3
room01_P3_r3_event12,1,Medium-size meeting room,medium_size_meeting_room,P3,3,12,Medium Size Meeting Room.m4a,reports/phone_clap_demo/results/segments/m4a/room01_MediumSizeMeetingRoom_m4a_ev12_P3_r3.wav,runs/e6_phone_raw_cache/raw_v1_seed42001_batch008.npy,4,False,False,False,23.434012551854444,44100,1.0,44100,1.0,audio/phone_recordings/medium_size_meeting_room/P3_r3.wav,audio/inferred_rirs/medium_size_meeting_room/P3_r3.wav,runs/matched_reg_1s/hybrid_shoebox_mit_but_ace_1000ms_full_c1_vm_seed42001/model_updates20000.pt,fa83b4108777231ef557379e8f7478aea1ab63f3e95449382edeaf85442d87fc,all normal protocol events; existing selected_for_demo flag retained,05a4ec11bb195453b4e9063d315db2a78a7c7d894ac6cc51f040dd31c8d1e1e1,d7bfda813f1929a0819992861d24e92adee150d772e1a401444709e83035eec1
room01_P3_r4_event13,1,Medium-size meeting room,medium_size_meeting_room,P3,4,13,Medium Size Meeting Room.m4a,reports/phone_clap_demo/results/segments/m4a/room01_MediumSizeMeetingRoom_m4a_ev13_P3_r4.wav,runs/e6_phone_raw_cache/raw_v1_seed42001_batch008.npy,5,False,False,False,21.6263361465911,44100,1.0,44100,1.0,audio/phone_recordings/medium_size_meeting_room/P3_r4.wav,audio/inferred_rirs/medium_size_meeting_room/P3_r4.wav,runs/matched_reg_1s/hybrid_shoebox_mit_but_ace_1000ms_full_c1_vm_seed42001/model_updates20000.pt,fa83b4108777231ef557379e8f7478aea1ab63f3e95449382edeaf85442d87fc,all normal protocol events; existing selected_for_demo flag retained,12ec8867c9eda95af46aec24660745fd84f7c265cdee1fc9ce7e795daae470fb,0688af912ec9cea929e7cd098491e197dd6f01f976325ea4e4c2c908f487ed78
room01_P3_r5_event14,1,Medium-size meeting room,medium_size_meeting_room,P3,5,14,Medium Size Meeting Room.m4a,reports/phone_clap_demo/results/segments/m4a/room01_MediumSizeMeetingRoom_m4a_ev14_P3_r5.wav,runs/e6_phone_raw_cache/raw_v1_seed42001_batch008.npy,6,False,False,False,22.36125994294189,44100,1.0,44100,1.0,audio/phone_recordings/medium_size_meeting_room/P3_r5.wav,audio/inferred_rirs/medium_size_meeting_room/P3_r5.wav,runs/matched_reg_1s/hybrid_shoebox_mit_but_ace_1000ms_full_c1_vm_seed42001/model_updates20000.pt,fa83b4108777231ef557379e8f7478aea1ab63f3e95449382edeaf85442d87fc,all normal protocol events; existing selected_for_demo flag retained,beba05df20142d9b4bc715f1593b451a3cdba836e67ddc4fcefdb0e966a859a1,61e01f4bd3c00dda1089d5970d634dd4933987b430f14eba718f9d17c01d6776
room01_A1_r1_event15,1,Medium-size meeting room,medium_size_meeting_room,A1,1,15,Medium Size Meeting Room.m4a,reports/phone_clap_demo/results/segments/m4a/room01_MediumSizeMeetingRoom_m4a_ev15_A1_r1.wav,reports/phone_spectral_review/predictions.npz,3,True,True,False,24.651732299956443,44100,1.0,44100,1.0,audio/phone_recordings/medium_size_meeting_room/A1_r1.wav,audio/inferred_rirs/medium_size_meeting_room/A1_r1.wav,runs/matched_reg_1s/hybrid_shoebox_mit_but_ace_1000ms_full_c1_vm_seed42001/model_updates20000.pt,fa83b4108777231ef557379e8f7478aea1ab63f3e95449382edeaf85442d87fc,"M4A normal protocol claps only, exclude clipped; highest existing pre-clap SNR per room/mode; event-index then filename tie break; all eight modes in protocol order",9cb4cc1e7c140f8ca7c5fa87c31490501d2b55c4bdf32f5f6a290a1bf7159bae,8de7f767415e827582ec31ffc64090c3add755fef4e4a4bab095795dc23bd0da
room01_A1_r2_event16,1,Medium-size meeting room,medium_size_meeting_room,A1,2,16,Medium Size Meeting Room.m4a,reports/phone_clap_demo/results/segments/m4a/room01_MediumSizeMeetingRoom_m4a_ev16_A1_r2.wav,runs/e6_phone_raw_cache/raw_v1_seed42001_batch016.npy,0,False,False,False,23.089445957365474,44100,1.0,44100,1.0,audio/phone_recordings/medium_size_meeting_room/A1_r2.wav,audio/inferred_rirs/medium_size_meeting_room/A1_r2.wav,runs/matched_reg_1s/hybrid_shoebox_mit_but_ace_1000ms_full_c1_vm_seed42001/model_updates20000.pt,fa83b4108777231ef557379e8f7478aea1ab63f3e95449382edeaf85442d87fc,all normal protocol events; existing selected_for_demo flag retained,2d403373399f66d6c50d4fe9fe44d327765bb6b7eab2f13e51ab5121c236cb25,8c0b434112d2c44d037274eb8e2845a6c6da58541293f4d115dd7dd102c7e310
room01_A1_r3_event17,1,Medium-size meeting room,medium_size_meeting_room,A1,3,17,Medium Size Meeting Room.m4a,reports/phone_clap_demo/results/segments/m4a/room01_MediumSizeMeetingRoom_m4a_ev17_A1_r3.wav,runs/e6_phone_raw_cache/raw_v1_seed42001_batch016.npy,1,False,False,False,24.285803844023164,44100,1.0,44100,1.0,audio/phone_recordings/medium_size_meeting_room/A1_r3.wav,audio/inferred_rirs/medium_size_meeting_room/A1_r3.wav,runs/matched_reg_1s/hybrid_shoebox_mit_but_ace_1000ms_full_c1_vm_seed42001/model_updates20000.pt,fa83b4108777231ef557379e8f7478aea1ab63f3e95449382edeaf85442d87fc,all normal protocol events; existing selected_for_demo flag retained,ff19f076358d20b4dd2d57a8bac00f69bcf5e269938a400c0a1f7d899895d86c,1cf5a783152dfbd6103bc6525952673195728f6494ae9f44e73fdfa36c3af3b2
room01_A1_r4_event18,1,Medium-size meeting room,medium_size_meeting_room,A1,4,18,Medium Size Meeting Room.m4a,reports/phone_clap_demo/results/segments/m4a/room01_MediumSizeMeetingRoom_m4a_ev18_A1_r4.wav,runs/e6_phone_raw_cache/raw_v1_seed42001_batch016.npy,2,False,False,False,23.009170768444353,44100,1.0,44100,1.0,audio/phone_recordings/medium_size_meeting_room/A1_r4.wav,audio/inferred_rirs/medium_size_meeting_room/A1_r4.wav,runs/matched_reg_1s/hybrid_shoebox_mit_but_ace_1000ms_full_c1_vm_seed42001/model_updates20000.pt,fa83b4108777231ef557379e8f7478aea1ab63f3e95449382edeaf85442d87fc,all normal protocol events; existing selected_for_demo flag retained,4df9f7f635306c69eb3295159f631f9e8147ad38aba8a5f31e2d6dc193e0c698,574e7706f8b4cd0af739264307592e56c549dd6835ac924ab3e82bbe601b2e47
room01_A1_r5_event19,1,Medium-size meeting room,medium_size_meeting_room,A1,5,19,Medium Size Meeting Room.m4a,reports/phone_clap_demo/results/segments/m4a/room01_MediumSizeMeetingRoom_m4a_ev19_A1_r5.wav,runs/e6_phone_raw_cache/raw_v1_seed42001_batch016.npy,3,False,False,False,23.157569918791456,44100,1.0,44100,1.0,audio/phone_recordings/medium_size_meeting_room/A1_r5.wav,audio/inferred_rirs/medium_size_meeting_room/A1_r5.wav,runs/matched_reg_1s/hybrid_shoebox_mit_but_ace_1000ms_full_c1_vm_seed42001/model_updates20000.pt,fa83b4108777231ef557379e8f7478aea1ab63f3e95449382edeaf85442d87fc,all normal protocol events; existing selected_for_demo flag retained,2d43124d9512e79e25995799cb6ba77dbea31d4f8e12223e5dd25a9af57aac52,f9a01e67aac6c0d7d702f24eaac7b81eccb8893af8638624d750064f6e9d3dbd
room01_A2_r1_event20,1,Medium-size meeting room,medium_size_meeting_room,A2,1,20,Medium Size Meeting Room.m4a,reports/phone_clap_demo/results/segments/m4a/room01_MediumSizeMeetingRoom_m4a_ev20_A2_r1.wav,runs/e6_phone_raw_cache/raw_v1_seed42001_batch016.npy,4,False,False,False,22.480705277052312,43262,0.9809977324263038,44100,1.0,audio/phone_recordings/medium_size_meeting_room/A2_r1.wav,audio/inferred_rirs/medium_size_meeting_room/A2_r1.wav,runs/matched_reg_1s/hybrid_shoebox_mit_but_ace_1000ms_full_c1_vm_seed42001/model_updates20000.pt,fa83b4108777231ef557379e8f7478aea1ab63f3e95449382edeaf85442d87fc,all normal protocol events; existing selected_for_demo flag retained,3988a80e9d30a87a93af386637f856422f1e2a3fd4f0cb8b10f6659d06aff3d0,f1468e42939b8906948c2923205b16959358847e3caf9b88843385a3298600e7
room01_A2_r2_event21,1,Medium-size meeting room,medium_size_meeting_room,A2,2,21,Medium Size Meeting Room.m4a,reports/phone_clap_demo/results/segments/m4a/room01_MediumSizeMeetingRoom_m4a_ev21_A2_r2.wav,runs/e6_phone_raw_cache/raw_v1_seed42001_batch016.npy,5,False,False,False,24.104622459611402,44100,1.0,44100,1.0,audio/phone_recordings/medium_size_meeting_room/A2_r2.wav,audio/inferred_rirs/medium_size_meeting_room/A2_r2.wav,runs/matched_reg_1s/hybrid_shoebox_mit_but_ace_1000ms_full_c1_vm_seed42001/model_updates20000.pt,fa83b4108777231ef557379e8f7478aea1ab63f3e95449382edeaf85442d87fc,all normal protocol events; existing selected_for_demo flag retained,02a7c753cfe40b3a0e5dc4606226e46d87e7d7816ccbcc6c7ffb1325cec3d05d,fa912d7e596ac489248591b5ac0c6ed316c9e241ddf75217be5d18a0d0239b8b
room01_A2_r3_event22,1,Medium-size meeting room,medium_size_meeting_room,A2,3,22,Medium Size Meeting Room.m4a,reports/phone_clap_demo/results/segments/m4a/room01_MediumSizeMeetingRoom_m4a_ev22_A2_r3.wav,runs/e6_phone_raw_cache/raw_v1_seed42001_batch016.npy,6,False,False,False,20.232719230655032,44100,1.0,44100,1.0,audio/phone_recordings/medium_size_meeting_room/A2_r3.wav,audio/inferred_rirs/medium_size_meeting_room/A2_r3.wav,runs/matched_reg_1s/hybrid_shoebox_mit_but_ace_1000ms_full_c1_vm_seed42001/model_updates20000.pt,fa83b4108777231ef557379e8f7478aea1ab63f3e95449382edeaf85442d87fc,all normal protocol events; existing selected_for_demo flag retained,fa5180b12d36eeb4ad37179b618ff6a656d20b941afc21591b68261952026db6,2c3eb9d4ef9a4e86ade3ca8ba83eeaff907bad4bbc56cb1cf947c4e3b7d22182
room01_A2_r4_event23,1,Medium-size meeting room,medium_size_meeting_room,A2,4,23,Medium Size Meeting Room.m4a,reports/phone_clap_demo/results/segments/m4a/room01_MediumSizeMeetingRoom_m4a_ev23_A2_r4.wav,reports/phone_spectral_review/predictions.npz,4,True,True,False,27.898784636486777,44100,1.0,44100,1.0,audio/phone_recordings/medium_size_meeting_room/A2_r4.wav,audio/inferred_rirs/medium_size_meeting_room/A2_r4.wav,runs/matched_reg_1s/hybrid_shoebox_mit_but_ace_1000ms_full_c1_vm_seed42001/model_updates20000.pt,fa83b4108777231ef557379e8f7478aea1ab63f3e95449382edeaf85442d87fc,"M4A normal protocol claps only, exclude clipped; highest existing pre-clap SNR per room/mode; event-index then filename tie break; all eight modes in protocol order",9bd57b2dd7266b77e7c48ede7f98d236aad204e985f4d20543ae4afe8d34add0,748234eaa25d80d69b52538413e5848ea36d59c5fe26a7b4033b1600b21132bf
room01_A2_r5_event24,1,Medium-size meeting room,medium_size_meeting_room,A2,5,24,Medium Size Meeting Room.m4a,reports/phone_clap_demo/results/segments/m4a/room01_MediumSizeMeetingRoom_m4a_ev24_A2_r5.wav,runs/e6_phone_raw_cache/raw_v1_seed42001_batch024.npy,0,False,False,False,22.096317944289794,44100,1.0,44100,1.0,audio/phone_recordings/medium_size_meeting_room/A2_r5.wav,audio/inferred_rirs/medium_size_meeting_room/A2_r5.wav,runs/matched_reg_1s/hybrid_shoebox_mit_but_ace_1000ms_full_c1_vm_seed42001/model_updates20000.pt,fa83b4108777231ef557379e8f7478aea1ab63f3e95449382edeaf85442d87fc,all normal protocol events; existing selected_for_demo flag retained,bce58421ce3f31b02219bbd6a512c608fbe097aa0136efd8eab8f6433b21d89e,dd202645355132da97f9b4cae754376f361a26efff377e494aaba1c11403b1e0
room01_A3_r1_event25,1,Medium-size meeting room,medium_size_meeting_room,A3,1,25,Medium Size Meeting Room.m4a,reports/phone_clap_demo/results/segments/m4a/room01_MediumSizeMeetingRoom_m4a_ev25_A3_r1.wav,runs/e6_phone_raw_cache/raw_v1_seed42001_batch024.npy,1,False,False,False,19.47270787714882,42983,0.974671201814059,44100,1.0,audio/phone_recordings/medium_size_meeting_room/A3_r1.wav,audio/inferred_rirs/medium_size_meeting_room/A3_r1.wav,runs/matched_reg_1s/hybrid_shoebox_mit_but_ace_1000ms_full_c1_vm_seed42001/model_updates20000.pt,fa83b4108777231ef557379e8f7478aea1ab63f3e95449382edeaf85442d87fc,all normal protocol events; existing selected_for_demo flag retained,52c791d531ef95edcbaba46354dd695dd7b04cb331847eb6cbedcb8ebe982207,2f9d9203a933d2ecb58d3b3501aec1b4cdf0263a2ae2433e90a356671a93c886
room01_A3_r2_event26,1,Medium-size meeting room,medium_size_meeting_room,A3,2,26,Medium Size Meeting Room.m4a,reports/phone_clap_demo/results/segments/m4a/room01_MediumSizeMeetingRoom_m4a_ev26_A3_r2.wav,runs/e6_phone_raw_cache/raw_v1_seed42001_batch024.npy,2,False,False,False,20.980033089882674,44100,1.0,44100,1.0,audio/phone_recordings/medium_size_meeting_room/A3_r2.wav,audio/inferred_rirs/medium_size_meeting_room/A3_r2.wav,runs/matched_reg_1s/hybrid_shoebox_mit_but_ace_1000ms_full_c1_vm_seed42001/model_updates20000.pt,fa83b4108777231ef557379e8f7478aea1ab63f3e95449382edeaf85442d87fc,all normal protocol events; existing selected_for_demo flag retained,bbe7cad3d884890c10c22ed567a2a2c093a16c0d37d5729a462a5aaeb2f76246,5ab57c9d81566b9f32c2cff0d8ded6ae0f87a6e60c131862d805c1ec363545d5
room01_A3_r3_event27,1,Medium-size meeting room,medium_size_meeting_room,A3,3,27,Medium Size Meeting Room.m4a,reports/phone_clap_demo/results/segments/m4a/room01_MediumSizeMeetingRoom_m4a_ev27_A3_r3.wav,runs/e6_phone_raw_cache/raw_v1_seed42001_batch024.npy,3,False,False,False,21.980745573242643,44100,1.0,44100,1.0,audio/phone_recordings/medium_size_meeting_room/A3_r3.wav,audio/inferred_rirs/medium_size_meeting_room/A3_r3.wav,runs/matched_reg_1s/hybrid_shoebox_mit_but_ace_1000ms_full_c1_vm_seed42001/model_updates20000.pt,fa83b4108777231ef557379e8f7478aea1ab63f3e95449382edeaf85442d87fc,all normal protocol events; existing selected_for_demo flag retained,40b7ef9e273f605ea42f55a276ca7613fe6aee58a53e6685885f62ff93ab01ec,13cdb00f7d28f137e479d55b57c5eb37705dcc44489309ff4a47fe01fbb2c220
room01_A3_r4_event28,1,Medium-size meeting room,medium_size_meeting_room,A3,4,28,Medium Size Meeting Room.m4a,reports/phone_clap_demo/results/segments/m4a/room01_MediumSizeMeetingRoom_m4a_ev28_A3_r4.wav,runs/e6_phone_raw_cache/raw_v1_seed42001_batch024.npy,4,False,False,False,23.006907568096523,44100,1.0,44100,1.0,audio/phone_recordings/medium_size_meeting_room/A3_r4.wav,audio/inferred_rirs/medium_size_meeting_room/A3_r4.wav,runs/matched_reg_1s/hybrid_shoebox_mit_but_ace_1000ms_full_c1_vm_seed42001/model_updates20000.pt,fa83b4108777231ef557379e8f7478aea1ab63f3e95449382edeaf85442d87fc,all normal protocol events; existing selected_for_demo flag retained,fa0dffbbf8ef2dd7bbbb0759447c09070a1a6792eaaf58f4ace0b27d50300ade,ac2a999056e8dcb3c9ccbacd0c2bbf219b1f1fb1d01e4566dd2ec2deeda5da65
room01_A3_r5_event29,1,Medium-size meeting room,medium_size_meeting_room,A3,5,29,Medium Size Meeting Room.m4a,reports/phone_clap_demo/results/segments/m4a/room01_MediumSizeMeetingRoom_m4a_ev29_A3_r5.wav,reports/phone_spectral_review/predictions.npz,5,True,True,False,24.523874208652682,44100,1.0,44100,1.0,audio/phone_recordings/medium_size_meeting_room/A3_r5.wav,audio/inferred_rirs/medium_size_meeting_room/A3_r5.wav,runs/matched_reg_1s/hybrid_shoebox_mit_but_ace_1000ms_full_c1_vm_seed42001/model_updates20000.pt,fa83b4108777231ef557379e8f7478aea1ab63f3e95449382edeaf85442d87fc,"M4A normal protocol claps only, exclude clipped; highest existing pre-clap SNR per room/mode; event-index then filename tie break; all eight modes in protocol order",4d388e385c70e66cf494941d768240d24b28fa4316581c289db2afd46eabbc9b,01d0cd59dc7e232b6ef4ced8320c13ee252b0c04260eba83f374d6632e8b2e30
room01_A1minus_r1_event30,1,Medium-size meeting room,medium_size_meeting_room,A1-,1,30,Medium Size Meeting Room.m4a,reports/phone_clap_demo/results/segments/m4a/room01_MediumSizeMeetingRoom_m4a_ev30_A1m_r1.wav,runs/e6_phone_raw_cache/raw_v1_seed42001_batch024.npy,6,False,False,False,25.656908651956194,44100,1.0,44100,1.0,audio/phone_recordings/medium_size_meeting_room/A1minus_r1.wav,audio/inferred_rirs/medium_size_meeting_room/A1minus_r1.wav,runs/matched_reg_1s/hybrid_shoebox_mit_but_ace_1000ms_full_c1_vm_seed42001/model_updates20000.pt,fa83b4108777231ef557379e8f7478aea1ab63f3e95449382edeaf85442d87fc,all normal protocol events; existing selected_for_demo flag retained,4f63b36a0f1781ebd8f525fd58eead342192e1c7ff3664bd540c8b8fccfe8477,d726fecbbb99062c66e1da47c4a3e8b201cb965ce65ad383215c9ea2e615ebb3
room01_A1minus_r2_event31,1,Medium-size meeting room,medium_size_meeting_room,A1-,2,31,Medium Size Meeting Room.m4a,reports/phone_clap_demo/results/segments/m4a/room01_MediumSizeMeetingRoom_m4a_ev31_A1m_r2.wav,runs/e6_phone_raw_cache/raw_v1_seed42001_batch024.npy,7,False,False,False,24.436279064498002,43277,0.9813378684807256,44100,1.0,audio/phone_recordings/medium_size_meeting_room/A1minus_r2.wav,audio/inferred_rirs/medium_size_meeting_room/A1minus_r2.wav,runs/matched_reg_1s/hybrid_shoebox_mit_but_ace_1000ms_full_c1_vm_seed42001/model_updates20000.pt,fa83b4108777231ef557379e8f7478aea1ab63f3e95449382edeaf85442d87fc,all normal protocol events; existing selected_for_demo flag retained,384604b0e2c1d760d10a5aca78f7e908b18a19c3b44b6adf8b3f0ee5e454b393,2c1eff9532ff436cd9f253c099f5341b30fe939f1a9e4bc77265cc6b51710080
room01_A1minus_r3_event32,1,Medium-size meeting room,medium_size_meeting_room,A1-,3,32,Medium Size Meeting Room.m4a,reports/phone_clap_demo/results/segments/m4a/room01_MediumSizeMeetingRoom_m4a_ev32_A1m_r3.wav,runs/e6_phone_raw_cache/raw_v1_seed42001_batch032.npy,0,False,False,False,29.37000375321158,43399,0.9841043083900227,44100,1.0,audio/phone_recordings/medium_size_meeting_room/A1minus_r3.wav,audio/inferred_rirs/medium_size_meeting_room/A1minus_r3.wav,runs/matched_reg_1s/hybrid_shoebox_mit_but_ace_1000ms_full_c1_vm_seed42001/model_updates20000.pt,fa83b4108777231ef557379e8f7478aea1ab63f3e95449382edeaf85442d87fc,all normal protocol events; existing selected_for_demo flag retained,20bf732351eeec0c8fd5b7d3452509dfb3803de528040264eb90954b40aee328,d95223ea1f89713ce3bd9f4f77415892183d1ef6ae8c75e836fb13ab320397ea
room01_A1minus_r4_event33,1,Medium-size meeting room,medium_size_meeting_room,A1-,4,33,Medium Size Meeting Room.m4a,reports/phone_clap_demo/results/segments/m4a/room01_MediumSizeMeetingRoom_m4a_ev33_A1m_r4.wav,reports/phone_spectral_review/predictions.npz,6,True,True,False,30.063475954699076,43691,0.9907256235827664,44100,1.0,audio/phone_recordings/medium_size_meeting_room/A1minus_r4.wav,audio/inferred_rirs/medium_size_meeting_room/A1minus_r4.wav,runs/matched_reg_1s/hybrid_shoebox_mit_but_ace_1000ms_full_c1_vm_seed42001/model_updates20000.pt,fa83b4108777231ef557379e8f7478aea1ab63f3e95449382edeaf85442d87fc,"M4A normal protocol claps only, exclude clipped; highest existing pre-clap SNR per room/mode; event-index then filename tie break; all eight modes in protocol order",365c5740b97aebd543e499c8c5a81b1e840b476ad292f527751e4558cb0e1cf1,67480c2ce56bf428106f5c993e4e3333be9cfc3455191fa35f4f0d9e8746ffae
room01_A1minus_r5_event34,1,Medium-size meeting room,medium_size_meeting_room,A1-,5,34,Medium Size Meeting Room.m4a,reports/phone_clap_demo/results/segments/m4a/room01_MediumSizeMeetingRoom_m4a_ev34_A1m_r5.wav,runs/e6_phone_raw_cache/raw_v1_seed42001_batch032.npy,2,False,False,False,29.729101748375793,44100,1.0,44100,1.0,audio/phone_recordings/medium_size_meeting_room/A1minus_r5.wav,audio/inferred_rirs/medium_size_meeting_room/A1minus_r5.wav,runs/matched_reg_1s/hybrid_shoebox_mit_but_ace_1000ms_full_c1_vm_seed42001/model_updates20000.pt,fa83b4108777231ef557379e8f7478aea1ab63f3e95449382edeaf85442d87fc,all normal protocol events; existing selected_for_demo flag retained,d8c103730d673b4113dfce713512dd5423a14c383afe1ef457b47691ac1a5de2,49798228c23d1c4a8caf83ea7f6ee43318b498ec2a5109ac8bb2df045ce58846
room01_A1plus_r1_event36,1,Medium-size meeting room,medium_size_meeting_room,A1+,1,36,Medium Size Meeting Room.m4a,reports/phone_clap_demo/results/segments/m4a/room01_MediumSizeMeetingRoom_m4a_ev36_A1p_r1.wav,runs/e6_phone_raw_cache/raw_v1_seed42001_batch032.npy,3,False,False,False,25.924043273335904,40686,0.9225850340136055,44100,1.0,audio/phone_recordings/medium_size_meeting_room/A1plus_r1.wav,audio/inferred_rirs/medium_size_meeting_room/A1plus_r1.wav,runs/matched_reg_1s/hybrid_shoebox_mit_but_ace_1000ms_full_c1_vm_seed42001/model_updates20000.pt,fa83b4108777231ef557379e8f7478aea1ab63f3e95449382edeaf85442d87fc,all normal protocol events; existing selected_for_demo flag retained,3b279e7bd84e898e5fd49fa35aea096de86b965d9c0da633f5031bade60c379c,222a9548b8903efddbb3132da77255a61da60db94f42428a497320dee81b5ea0
room01_A1plus_r2_event37,1,Medium-size meeting room,medium_size_meeting_room,A1+,2,37,Medium Size Meeting Room.m4a,reports/phone_clap_demo/results/segments/m4a/room01_MediumSizeMeetingRoom_m4a_ev37_A1p_r2.wav,reports/phone_spectral_review/predictions.npz,7,True,True,False,29.345120662183433,42228,0.9575510204081633,44100,1.0,audio/phone_recordings/medium_size_meeting_room/A1plus_r2.wav,audio/inferred_rirs/medium_size_meeting_room/A1plus_r2.wav,runs/matched_reg_1s/hybrid_shoebox_mit_but_ace_1000ms_full_c1_vm_seed42001/model_updates20000.pt,fa83b4108777231ef557379e8f7478aea1ab63f3e95449382edeaf85442d87fc,"M4A normal protocol claps only, exclude clipped; highest existing pre-clap SNR per room/mode; event-index then filename tie break; all eight modes in protocol order",b3de9d454320feebec05dfcb6c8e72c0cdb5cc5cf9dd5ae38948e6946e3e9d97,3956b03a1c8c3eb8acacd94aa3cad5e199a249b00509a2afa48929df43900735
room01_A1plus_r3_event38,1,Medium-size meeting room,medium_size_meeting_room,A1+,3,38,Medium Size Meeting Room.m4a,reports/phone_clap_demo/results/segments/m4a/room01_MediumSizeMeetingRoom_m4a_ev38_A1p_r3.wav,runs/e6_phone_raw_cache/raw_v1_seed42001_batch032.npy,5,False,False,False,27.708584410312117,42913,0.9730839002267574,44100,1.0,audio/phone_recordings/medium_size_meeting_room/A1plus_r3.wav,audio/inferred_rirs/medium_size_meeting_room/A1plus_r3.wav,runs/matched_reg_1s/hybrid_shoebox_mit_but_ace_1000ms_full_c1_vm_seed42001/model_updates20000.pt,fa83b4108777231ef557379e8f7478aea1ab63f3e95449382edeaf85442d87fc,all normal protocol events; existing selected_for_demo flag retained,f9568d5f79a55b1e6c1f847ad9c1d1e5a1c01bc9563967e2a407a9bd4537cbfa,04e76873e34bd375b2e39d17d85bfe43ba65ef35d83554ea12ab217e5ea635d1
room01_A1plus_r4_event39,1,Medium-size meeting room,medium_size_meeting_room,A1+,4,39,Medium Size Meeting Room.m4a,reports/phone_clap_demo/results/segments/m4a/room01_MediumSizeMeetingRoom_m4a_ev39_A1p_r4.wav,runs/e6_phone_raw_cache/raw_v1_seed42001_batch032.npy,6,False,False,False,28.442874186787893,42416,0.9618140589569161,44100,1.0,audio/phone_recordings/medium_size_meeting_room/A1plus_r4.wav,audio/inferred_rirs/medium_size_meeting_room/A1plus_r4.wav,runs/matched_reg_1s/hybrid_shoebox_mit_but_ace_1000ms_full_c1_vm_seed42001/model_updates20000.pt,fa83b4108777231ef557379e8f7478aea1ab63f3e95449382edeaf85442d87fc,all normal protocol events; existing selected_for_demo flag retained,c18daf31613bfff52f545dda648a45ae7d091e8fc361b4482d76f7d17e190b84,322868998d9a1a7b53a2836bd23e5965831b3ffb676f10843f7dd51bbd0e46f6
room01_A1plus_r5_event41,1,Medium-size meeting room,medium_size_meeting_room,A1+,5,41,Medium Size Meeting Room.m4a,reports/phone_clap_demo/results/segments/m4a/room01_MediumSizeMeetingRoom_m4a_ev41_A1p_r5.wav,runs/e6_phone_raw_cache/raw_v1_seed42001_batch032.npy,7,False,False,False,25.814204536707607,44100,1.0,44100,1.0,audio/phone_recordings/medium_size_meeting_room/A1plus_r5.wav,audio/inferred_rirs/medium_size_meeting_room/A1plus_r5.wav,runs/matched_reg_1s/hybrid_shoebox_mit_but_ace_1000ms_full_c1_vm_seed42001/model_updates20000.pt,fa83b4108777231ef557379e8f7478aea1ab63f3e95449382edeaf85442d87fc,all normal protocol events; existing selected_for_demo flag retained,57dc4fe4815eda4e1e1de44534767f6dd8efe6d063b65823893cc5ce6bf22e46,1f060de9c145780f5cc519470d0e2c013022cfa7b7ea65c10cc541742980e4f2
